wallet,name,unrealizedPnl,realizedProfit,totalProfit,balanceUsd,position,buyAmount,buyPrice,sellAmount,sellPrice,totalBuyTxn,totalSellTxn
11ebHEkzHYJ91D4ERB2XaVJx8R7bU4rafPTzUG2ioSk,PEE14h,Sell All,-$287.48-81%,-$287.48-81%,$00,0%,354.94,0.0107,67.46,0.002,1,1
11ebHEkzHYJ91D4ERB2XaVJx8R7bU4rafPTzUG2ioSk,SOL15h,$00%,HODL,$00%,$0.9860.004,100%,0,0,0,0,0,0
11ebHEkzHYJ91D4ERB2XaVJx8R7bU4rafPTzUG2ioSk,KERMIT2d,-$18.4-98.9%,HODL,-$18.4-98.9%,$0.21148.9K,100%,18.61,0.0001,0,0,1,0
11ebHEkzHYJ91D4ERB2XaVJx8R7bU4rafPTzUG2ioSk,HYPEHIVE2d,-$17.46-99.2%,HODL,-$17.46-99.2%,"$0.146,625.39",100%,17.6,0.0026,0,0,1,0
11ebHEkzHYJ91D4ERB2XaVJx8R7bU4rafPTzUG2ioSk,COTD4d,-$6.57-53.5%,-$42.88-40%,-$49.45-41.4%,"$5.7123,225.02",10.27%,119.49,0.0005,64.34,0.0003,2,3
11ebHEkzHYJ91D4ERB2XaVJx8R7bU4rafPTzUG2ioSk,POTUS4d,-$199.54-100%,HODL,-$199.54-98.6%,$0.002154.71,100%,199.54,1.2897,0,0,1,0
11ebHEkzHYJ91D4ERB2XaVJx8R7bU4rafPTzUG2ioSk,SOM7d,Sell All,+$150.42+17.5%,+$150.42+17.5%,$00,0%,860.48,0.0002,"1,010.9",0.0002,1,6
11ebHEkzHYJ91D4ERB2XaVJx8R7bU4rafPTzUG2ioSk,MEMEOS10d,Sell All,-$13.32-6.8%,-$13.32-6.8%,$00,0%,196.02,0.0024,182.71,0.0022,1,1
11ebHEkzHYJ91D4ERB2XaVJx8R7bU4rafPTzUG2ioSk,MIKO11d,-$6.94-100%,-$452.14-91.4%,-$459.08-91.5%,$0.003565.36,1.39%,501.54,0.0122,42.46,0.001,2,3
11ebHEkzHYJ91D4ERB2XaVJx8R7bU4rafPTzUG2ioSk,FREELUIGI11d,Sell All,+$70.24+48.3%,+$70.24+48.3%,$00,0%,145.4,0.0004,215.64,0.0007,1,4
11ebHEkzHYJ91D4ERB2XaVJx8R7bU4rafPTzUG2ioSk,DAPE12d,-$179.27-100%,HODL,-$179.27-100%,"$043,509.43",100%,179.27,0.0041,0,0,1,0
11ebHEkzHYJ91D4ERB2XaVJx8R7bU4rafPTzUG2ioSk,ALARMO15d,Sell All,-$45.9-24%,-$45.9-24%,$00,0%,191.34,0.0069,145.43,0.0052,1,3
11ebHEkzHYJ91D4ERB2XaVJx8R7bU4rafPTzUG2ioSk,RIF17d,-$161.04-100%,HODL,-$161.04-100%,"$022,488.88",100%,161.04,0.0071,0,0,1,0
11ebHEkzHYJ91D4ERB2XaVJx8R7bU4rafPTzUG2ioSk,CHILLXRP21d,Sell All,$00%,$00%,$00,100%,0,0,"2,606.9",0.0055,0,4
11ebHEkzHYJ91D4ERB2XaVJx8R7bU4rafPTzUG2ioSk,RPS24d,Sell All,-$11.92-92%,-$11.92-92%,$00,0%,12.95,0.9148,1.03,0.073,1,1
11ebHEkzHYJ91D4ERB2XaVJx8R7bU4rafPTzUG2ioSk,HAMLET27d,-$344.56-100%,HODL,-$344.56-100%,"$0.00519,158.07",100%,344.57,0.0179,0,0,1,0
11ebHEkzHYJ91D4ERB2XaVJx8R7bU4rafPTzUG2ioSk,NALA28d,-$15.57-100%,HODL,-$15.57-100%,"$0.0033,333.37",100%,15.57,0.0046,0,0,1,0
11ebHEkzHYJ91D4ERB2XaVJx8R7bU4rafPTzUG2ioSk,HZI29d,-$25.35-100%,HODL,-$25.35-100%,"$017,941.24",100%,25.35,0.0014,0,0,1,0
11ebHEkzHYJ91D4ERB2XaVJx8R7bU4rafPTzUG2ioSk,uwu31d,Sell All,-$354.6K-89%,-$354.6K-89%,$00,0%,398.4K,0.1522,43.8K,0.0167,1,22
11ebHEkzHYJ91D4ERB2XaVJx8R7bU4rafPTzUG2ioSk,NACY31d,-$16.66-100%,HODL,-$16.66-100%,$031.18,100%,16.66,0.5342,0,0,1,0
11ebHEkzHYJ91D4ERB2XaVJx8R7bU4rafPTzUG2ioSk,JINO31d,Sell All,-$71.28-13%,-$71.28-13%,$00,0%,550.24,0.0004,478.96,0.0003,1,3
11ebHEkzHYJ91D4ERB2XaVJx8R7bU4rafPTzUG2ioSk,NAILOONG32d,"-$1,327.46-100%",HODL,"-$1,327.46-100%","$0.00837,304.69",100%,"1,327.47",0.0355,0,0,1,0
11ebHEkzHYJ91D4ERB2XaVJx8R7bU4rafPTzUG2ioSk,PECMAN33d,-$554.42-99.9%,+$7.85+0.8%,-$546.57-36.5%,"$0.32527,313.76",37.05%,"1,497.37",0.0203,950.48,0.0204,1,2
11ebHEkzHYJ91D4ERB2XaVJx8R7bU4rafPTzUG2ioSk,ISS34d,Sell All,$00%,$00%,$00,100%,0,0,52.88,0.001,0,1
11ebHEkzHYJ91D4ERB2XaVJx8R7bU4rafPTzUG2ioSk,SATOSHI35d,Sell All,+$73.25+9.8%,+$73.25+9.8%,$00,0%,745.43,0.0006,818.67,0.0006,1,2
11ebHEkzHYJ91D4ERB2XaVJx8R7bU4rafPTzUG2ioSk,SOWA37d,Sell All,-$821.23-64.6%,-$821.23-64.6%,$00,0%,"1,271.78",0.0016,450.55,0.0006,1,2
11ebHEkzHYJ91D4ERB2XaVJx8R7bU4rafPTzUG2ioSk,GTA37d,Sell All,+$264.47+63.4%,+$264.47+63.4%,$00,0%,417.45,0.0049,681.92,0.0081,1,3
11ebHEkzHYJ91D4ERB2XaVJx8R7bU4rafPTzUG2ioSk,SCHIZO38d,Sell All,-$283.17-35.1%,-$283.17-35.1%,$00,0%,805.6,0.0166,522.43,0.0108,1,2
11ebHEkzHYJ91D4ERB2XaVJx8R7bU4rafPTzUG2ioSk,LLOYD39d,$00%,-$809.14-83.9%,-$809.14-83.9%,$00,0%,"1,520.59",0.0212,155.23,0.0034,0,0
11ebHEkzHYJ91D4ERB2XaVJx8R7bU4rafPTzUG2ioSk,SHIBO42d,$00%,-$444.28-85.7%,-$444.28-85.7%,$00,0%,518.51,0.0203,74.23,0.0029,0,0
11ebHEkzHYJ91D4ERB2XaVJx8R7bU4rafPTzUG2ioSk,HER44d,$00%,-$393.5-69.8%,-$393.5-69.8%,$00,0%,610.9,0.0052,170.05,0.0015,0,0
11ebHEkzHYJ91D4ERB2XaVJx8R7bU4rafPTzUG2ioSk,SOLO46d,$00%,$00%,$00%,$00,0%,18.35,0.0104,0,0,0,0
11ebHEkzHYJ91D4ERB2XaVJx8R7bU4rafPTzUG2ioSk,CAP48d,$00%,$00%,$00%,$00,100%,0,0,0.081,0.0‚ÇÅ‚ÇÄ806,0,0
11ebHEkzHYJ91D4ERB2XaVJx8R7bU4rafPTzUG2ioSk,--,$00%,$00%,$00%,$00,100%,0,0,0,0,0,0
11ebHEkzHYJ91D4ERB2XaVJx8R7bU4rafPTzUG2ioSk,COTD4d,-$6.57-53.5%,-$49.45-41.4%,"$5.7123,225.02",10.27%,$119.49$0.0005,64.34,0.0003,--,--,Share,--
12ffK7BXgFS91e4YsX8fvjUVsSLDiuxZx2X47VFW57Zc,INDIACOIN3d,-$97.14-35.1%,HODL,-$97.14-35.1%,$179.7828.3M,100%,276.92,0.0‚ÇÖ9779,0,0,1,0
12ffK7BXgFS91e4YsX8fvjUVsSLDiuxZx2X47VFW57Zc,UNIT4d,Sell All,-$151.65-13.5%,-$151.65-13.5%,$00,0%,"1,121.8",0.0005,970.15,0.0004,1,1
12ffK7BXgFS91e4YsX8fvjUVsSLDiuxZx2X47VFW57Zc,MAX5d,-$88.04-1.8%,"+$3,348.8+39.7%","+$3,260.76+24.6%","$4,738.71400K",35.95%,13.4K,0.012,11.8K,0.0168,2,3
12ffK7BXgFS91e4YsX8fvjUVsSLDiuxZx2X47VFW57Zc,Text2Fart5d,-$260.71-89.6%,HODL,-$260.71-89.6%,$30.122.2M,99.15%,293.33,0.0001,0,0,1,0
12ffK7BXgFS91e4YsX8fvjUVsSLDiuxZx2X47VFW57Zc,PIP6d,-$112.73-55.7%,HODL,-$112.73-55.7%,$89.5818.4M,100%,202.31,0.0‚ÇÑ1094,0,0,1,0
12ffK7BXgFS91e4YsX8fvjUVsSLDiuxZx2X47VFW57Zc,$R3D7d,+$808.84+11.5%,HODL,+$808.84+11.5%,"$7,816.558.5M",99.15%,"7,067.79",0.0008,0,0,2,0
12ffK7BXgFS91e4YsX8fvjUVsSLDiuxZx2X47VFW57Zc,tim7d,Sell All,"-$9,449.02-82.1%","-$9,449.02-82.1%",$00,0%,11.6K,0.0042,"2,058.8",0.0007,2,1
12ffK7BXgFS91e4YsX8fvjUVsSLDiuxZx2X47VFW57Zc,PTARDIO7d,"-$1,972.46-99.1%",HODL,"-$1,972.46-99.2%",$16.95615.5K,100%,"1,989.41",0.0032,0,0,1,0
12ffK7BXgFS91e4YsX8fvjUVsSLDiuxZx2X47VFW57Zc,$POLLY7d,-$642.97-97.6%,HODL,-$642.97-97.6%,$15.81.7M,100%,658.76,0.0003,0,0,1,0
12ffK7BXgFS91e4YsX8fvjUVsSLDiuxZx2X47VFW57Zc,AGENT7d,Sell All,"-$2,291.59-16.5%","-$2,291.59-16.5%",$00,0%,14K,0.003,11.6K,0.0025,3,2
12ffK7BXgFS91e4YsX8fvjUVsSLDiuxZx2X47VFW57Zc,AGENT7d,$00%,HODL,$00%,$5.26999,100%,0,0,0,0,0,0
12ffK7BXgFS91e4YsX8fvjUVsSLDiuxZx2X47VFW57Zc,GODAI8d,$00%,HODL,$00%,"$0.0211,500",100%,0,0,0,0,0,0
12ffK7BXgFS91e4YsX8fvjUVsSLDiuxZx2X47VFW57Zc,OPUS8d,Sell All,"-$3,259.95-8.1%","-$3,259.95-8.1%",$00,0%,34.1K,0.0331,37K,0.0285,2,10
12ffK7BXgFS91e4YsX8fvjUVsSLDiuxZx2X47VFW57Zc,ARTCOINS10d,"-$2,133.09-98.1%",-$206.73-9.5%,"-$2,339.82-53.7%",$40.772.4M,51.85%,"4,355.46",0.0009,"1,974.87",0.0008,3,1
12ffK7BXgFS91e4YsX8fvjUVsSLDiuxZx2X47VFW57Zc,hentAI10d,Sell All,+$232.33+10.8%,+$232.33+10.8%,$00,0%,"2,158.1",0.0006,"2,390.42",0.0007,1,1
12ffK7BXgFS91e4YsX8fvjUVsSLDiuxZx2X47VFW57Zc,SEXCOIN10d,-$397.11-92.1%,HODL,-$397.11-92.1%,$33.999.2M,100%,431.1,0.0‚ÇÑ4675,0,0,1,0
12ffK7BXgFS91e4YsX8fvjUVsSLDiuxZx2X47VFW57Zc,WYNN10d,Sell All,"-$3,112.96-36.1%","-$3,112.96-36.1%",$00,0%,"8,683.37",0.0042,"5,500.78",0.0027,2,2
12ffK7BXgFS91e4YsX8fvjUVsSLDiuxZx2X47VFW57Zc,ANITA10d,Sell All,"-$2,876.76-56.5%","-$2,876.76-56.5%",$00,0%,"5,138.7",0.0004,"2,218.26",0.0001,1,1
12ffK7BXgFS91e4YsX8fvjUVsSLDiuxZx2X47VFW57Zc,$horny10d,Sell All,"-$5,505.68-25%","-$5,505.68-25%",$00,0%,22.1K,0.0048,16.5K,0.0036,6,3
12ffK7BXgFS91e4YsX8fvjUVsSLDiuxZx2X47VFW57Zc,shartcoin10d,Sell All,+$8.71+1.6%,+$8.71+1.6%,$00,0%,528.91,0.0‚ÇÑ3821,537.63,0.0‚ÇÑ3884,1,1
12ffK7BXgFS91e4YsX8fvjUVsSLDiuxZx2X47VFW57Zc,MOW10d,-$496.71-51%,HODL,-$496.71-51%,$476.8731.7M,99.53%,978.21,0.0‚ÇÑ3061,0,0,2,0
12ffK7BXgFS91e4YsX8fvjUVsSLDiuxZx2X47VFW57Zc,Lisan10d,"-$3,138.17-98.7%",HODL,"-$3,138.17-98.7%",$40.787.4M,99.15%,"3,206.2",0.0004,0,0,1,0
12ffK7BXgFS91e4YsX8fvjUVsSLDiuxZx2X47VFW57Zc,TRENCHES10d,Sell All,"+$2,315.67+260%","+$2,315.67+260%",$00,0%,890.53,0.0011,"3,206.2",0.0039,1,1
12ffK7BXgFS91e4YsX8fvjUVsSLDiuxZx2X47VFW57Zc,TRENCHES10d,$00%,HODL,$00%,$5.72999,100%,0,0,0,0,0,0
12ffK7BXgFS91e4YsX8fvjUVsSLDiuxZx2X47VFW57Zc,WMM11d,Sell All,-$18.5K-51.8%,-$18.5K-51.8%,$00,0%,32.9K,0.0172,17.2K,0.0074,4,4
12ffK7BXgFS91e4YsX8fvjUVsSLDiuxZx2X47VFW57Zc,Blastar11d,-$13.7K-98.9%,HODL,-$13.7K-98.9%,$146.449.8M,99.15%,14K,0.0014,0,0,2,0
12ffK7BXgFS91e4YsX8fvjUVsSLDiuxZx2X47VFW57Zc,arXiv11d,Sell All,+$367.01+4.7%,+$367.01+4.7%,$00,0%,"7,813.3",0.0013,"8,154.98",0.0014,2,3
12ffK7BXgFS91e4YsX8fvjUVsSLDiuxZx2X47VFW57Zc,QUASAR11d,Sell All,-$26.9K-57.7%,-$26.9K-57.7%,$00,0%,46.7K,0.0136,19.7K,0.0057,10,3
12ffK7BXgFS91e4YsX8fvjUVsSLDiuxZx2X47VFW57Zc,GARY12d,Sell All,-$257.47-25.6%,-$257.47-25.6%,$00,0%,"1,012.63",0.0004,746.55,0.0003,1,1
12ffK7BXgFS91e4YsX8fvjUVsSLDiuxZx2X47VFW57Zc,CryptoMan12d,Sell All,-$725.59-41.7%,-$725.59-41.7%,$00,0%,"1,738.22",0.0002,"1,012.63",0.0001,2,1
12ffK7BXgFS91e4YsX8fvjUVsSLDiuxZx2X47VFW57Zc,MAX12d,$00%,HODL,$00%,$0.27632,100%,0,0,0,0,0,0
12ffK7BXgFS91e4YsX8fvjUVsSLDiuxZx2X47VFW57Zc,TETSUO12d,Sell All,"+$9,115.66+10.9%","+$9,115.66+10.9%",$00,0%,57.8K,0.0169,92.9K,0.02,7,10
12ffK7BXgFS91e4YsX8fvjUVsSLDiuxZx2X47VFW57Zc,$REGRET13d,Sell All,"+$5,535.64+136.5%","+$5,535.64+136.5%",$00,0%,"4,090.27",0.0004,"9,591.14",0.0009,1,1
12ffK7BXgFS91e4YsX8fvjUVsSLDiuxZx2X47VFW57Zc,spoot13d,Sell All,"-$3,924.79-55.2%","-$3,924.79-55.2%",$00,0%,"7,170.68",0.0004,"3,184.94",0.0001,3,1
12ffK7BXgFS91e4YsX8fvjUVsSLDiuxZx2X47VFW57Zc,Pedro14d,-$6.11-93.9%,-$13.2K-61.7%,-$13.2K-61.7%,$0.398875.6,0.03%,21.5K,0.0074,"8,170.51",0.0028,1,2
12ffK7BXgFS91e4YsX8fvjUVsSLDiuxZx2X47VFW57Zc,PABLO14d,"-$2,571.24-98.6%",HODL,"-$2,571.24-98.6%",$36.525.8M,99.15%,"2,630.12",0.0004,0,0,1,0
12ffK7BXgFS91e4YsX8fvjUVsSLDiuxZx2X47VFW57Zc,WORILLA14d,$00%,HODL,$00%,$8.59100K,100%,0,0,0,0,0,0
12ffK7BXgFS91e4YsX8fvjUVsSLDiuxZx2X47VFW57Zc,TROLL14d,Sell All,+$362.92+24.5%,+$362.92+24.5%,$00,0%,"1,479.15",0.0003,"1,842.07",0.0004,1,1
12ffK7BXgFS91e4YsX8fvjUVsSLDiuxZx2X47VFW57Zc,$CRAB15d,Sell All,+$869.91+40.9%,+$869.91+40.9%,$00,0%,"2,212.85",0.0014,"2,998.13",0.002,1,4
12ffK7BXgFS91e4YsX8fvjUVsSLDiuxZx2X47VFW57Zc,BROT15d,Sell All,"-$1,271.04-21.5%","-$1,271.04-21.5%",$00,0%,"5,955.11",0.0046,"4,633.45",0.0036,2,1
12ffK7BXgFS91e4YsX8fvjUVsSLDiuxZx2X47VFW57Zc,EDITS15d,-$964.82-97.4%,HODL,-$964.82-97.4%,$26.182.2M,100%,991,0.0004,0,0,1,0
12ffK7BXgFS91e4YsX8fvjUVsSLDiuxZx2X47VFW57Zc,llama 70b15d,+$499.76+61.8%,HODL,+$499.76+61.8%,"$1,308.211.4M",99.15%,815.38,0.0005,0,0,1,0
12ffK7BXgFS91e4YsX8fvjUVsSLDiuxZx2X47VFW57Zc,GAL15d,Sell All,"+$8,205.55+69.1%","+$8,205.55+69.1%",$00,0%,12.1K,0.0028,20.1K,0.0048,3,5
12ffK7BXgFS91e4YsX8fvjUVsSLDiuxZx2X47VFW57Zc,Oil15d,-$766-93.4%,HODL,-$766-93.4%,$54.227M,99.15%,827.25,0.0001,0,0,1,0
12ffK7BXgFS91e4YsX8fvjUVsSLDiuxZx2X47VFW57Zc,UBC18d,Sell All,-$35K-27.5%,-$35K-27.5%,$00,0%,127.5K,0.0305,92.1K,0.0221,15,5
12ffK7BXgFS91e4YsX8fvjUVsSLDiuxZx2X47VFW57Zc,BUDDY18d,Sell All,"+$3,305.92+297.7%","+$3,305.92+297.7%",$00,0%,"1,110.48",0.0002,"4,416.4",0.001,1,2
12ffK7BXgFS91e4YsX8fvjUVsSLDiuxZx2X47VFW57Zc,plankton18d,Sell All,"-$2,579.58-41.1%","-$2,579.58-41.1%",$00,0%,"6,331.65",0.0029,"3,698.25",0.0017,1,1
12ffK7BXgFS91e4YsX8fvjUVsSLDiuxZx2X47VFW57Zc,MOVE19d,-$193.47-85%,HODL,$00%,$34.077.4M,99.15%,229.49,0.0‚ÇÑ3061,0,0,1,0
12ffK7BXgFS91e4YsX8fvjUVsSLDiuxZx2X47VFW57Zc,crypto19d,-$431.17-95.7%,-$221.26-49.1%,-$652.44-72.4%,$19.581.1M,50%,901.51,0.0003,229.49,0.0001,1,1
12ffK7BXgFS91e4YsX8fvjUVsSLDiuxZx2X47VFW57Zc,GDOG19d,$00%,HODL,$00%,$0.02310,100%,0,0,0,0,0,0
12ffK7BXgFS91e4YsX8fvjUVsSLDiuxZx2X47VFW57Zc,INDIACOIN3d,-$97.14-35.1%,-$97.14-35.1%,$179.7828.3M,100%,$276.92$0.0‚ÇÖ9779,0,0,--,--,Share,--
12ffK7BXgFS91e4YsX8fvjUVsSLDiuxZx2X47VFW57Zc,MAX5d,-$88.04-1.8%,"+$3,260.76+24.6%","$4,738.71400K",35.95%,$13.4K$0.012,11.8K,0.0168,--,--,Share,--
12ffK7BXgFS91e4YsX8fvjUVsSLDiuxZx2X47VFW57Zc,Text2Fart5d,-$260.71-89.6%,-$260.71-89.6%,$30.122.2M,99.15%,$293.33$0.0001,0,0,--,--,Share,--
12ffK7BXgFS91e4YsX8fvjUVsSLDiuxZx2X47VFW57Zc,PIP6d,-$112.73-55.7%,-$112.73-55.7%,$89.5818.4M,100%,$202.31$0.0‚ÇÑ1094,0,0,--,--,Share,--
12ffK7BXgFS91e4YsX8fvjUVsSLDiuxZx2X47VFW57Zc,$R3D7d,+$808.84+11.5%,+$808.84+11.5%,"$7,816.558.5M",99.15%,"$7,067.79$0.0008",0,0,--,--,Share,--
12ffK7BXgFS91e4YsX8fvjUVsSLDiuxZx2X47VFW57Zc,PTARDIO7d,"-$1,972.46-99.1%","-$1,972.46-99.2%",$16.95615.5K,100%,"$1,989.41$0.0032",0,0,--,--,Share,--
12ffK7BXgFS91e4YsX8fvjUVsSLDiuxZx2X47VFW57Zc,$POLLY7d,-$642.97-97.6%,-$642.97-97.6%,$15.81.7M,100%,$658.76$0.0003,0,0,--,--,Share,--
12ffK7BXgFS91e4YsX8fvjUVsSLDiuxZx2X47VFW57Zc,AGENT7d,$00%,$00%,$5.26999,100%,$0$0,0,0,--,--,Share,--
12ffK7BXgFS91e4YsX8fvjUVsSLDiuxZx2X47VFW57Zc,ARTCOINS10d,"-$2,133.09-98.1%","-$2,339.82-53.7%",$40.772.4M,51.85%,"$4,355.46$0.0009","1,974.87",0.0008,--,--,Share,--
12ffK7BXgFS91e4YsX8fvjUVsSLDiuxZx2X47VFW57Zc,SEXCOIN10d,-$397.11-92.1%,-$397.11-92.1%,$33.999.2M,100%,$431.1$0.0‚ÇÑ4675,0,0,--,--,Share,--
12ffK7BXgFS91e4YsX8fvjUVsSLDiuxZx2X47VFW57Zc,MOW10d,-$496.71-51%,-$496.71-51%,$476.8731.7M,99.53%,$978.21$0.0‚ÇÑ3061,0,0,--,--,Share,--
12ffK7BXgFS91e4YsX8fvjUVsSLDiuxZx2X47VFW57Zc,Lisan10d,"-$3,138.17-98.7%","-$3,138.17-98.7%",$40.787.4M,99.15%,"$3,206.2$0.0004",0,0,--,--,Share,--
12ffK7BXgFS91e4YsX8fvjUVsSLDiuxZx2X47VFW57Zc,TRENCHES10d,$00%,$00%,$5.72999,100%,$0$0,0,0,--,--,Share,--
12ffK7BXgFS91e4YsX8fvjUVsSLDiuxZx2X47VFW57Zc,Blastar11d,-$13.7K-98.9%,-$13.7K-98.9%,$146.449.8M,99.15%,$14K$0.0014,0,0,--,--,Share,--
12ffK7BXgFS91e4YsX8fvjUVsSLDiuxZx2X47VFW57Zc,PABLO14d,"-$2,571.24-98.6%","-$2,571.24-98.6%",$36.525.8M,99.15%,"$2,630.12$0.0004",0,0,--,--,Share,--
12ffK7BXgFS91e4YsX8fvjUVsSLDiuxZx2X47VFW57Zc,WORILLA14d,$00%,$00%,$8.59100K,100%,$0$0,0,0,--,--,Share,--
12ffK7BXgFS91e4YsX8fvjUVsSLDiuxZx2X47VFW57Zc,EDITS15d,-$964.82-97.4%,-$964.82-97.4%,$26.182.2M,100%,$991$0.0004,0,0,--,--,Share,--
12ffK7BXgFS91e4YsX8fvjUVsSLDiuxZx2X47VFW57Zc,llama 70b15d,+$499.76+61.8%,+$499.76+61.8%,"$1,308.211.4M",99.15%,$815.38$0.0005,0,0,--,--,Share,--
12ffK7BXgFS91e4YsX8fvjUVsSLDiuxZx2X47VFW57Zc,Oil15d,-$766-93.4%,-$766-93.4%,$54.227M,99.15%,$827.25$0.0001,0,0,--,--,Share,--
12ffK7BXgFS91e4YsX8fvjUVsSLDiuxZx2X47VFW57Zc,MOVE19d,-$193.47-85%,$00%,$34.077.4M,99.15%,$229.49$0.0‚ÇÑ3061,0,0,--,--,Share,--
12ffK7BXgFS91e4YsX8fvjUVsSLDiuxZx2X47VFW57Zc,crypto19d,-$431.17-95.7%,-$652.44-72.4%,$19.581.1M,50%,$901.51$0.0003,229.49,0.0001,--,--,Share,--
12ffK7BXgFS91e4YsX8fvjUVsSLDiuxZx2X47VFW57Zc,‚ñ≥20d,"-$2,321.19-98.7%","-$2,321.19-98.7%",$30.846.5M,100%,"$2,352.04$0.0003",0,0,--,--,Share,--
12ffK7BXgFS91e4YsX8fvjUVsSLDiuxZx2X47VFW57Zc,CURSED20d,-$823.59-98%,-$823.59-98%,$16.982.3M,99.62%,$843.75$0.0003,0,0,--,--,Share,--
12ffK7BXgFS91e4YsX8fvjUVsSLDiuxZx2X47VFW57Zc,eve21d,"-$1,118.64-94.7%","-$1,118.64-94.7%",$63.1812.7M,100%,"$1,181.82$0.0‚ÇÑ9293",0,0,--,--,Share,--
12ffK7BXgFS91e4YsX8fvjUVsSLDiuxZx2X47VFW57Zc,SW21d,"-$2,222.22-99.4%","-$2,222.22-99.4%",$14.412.8M,100%,"$2,236.63$0.0007",0,0,--,--,Share,--
12ffK7BXgFS91e4YsX8fvjUVsSLDiuxZx2X47VFW57Zc,NRVL21d,"-$4,449.02-98.4%","-$4,449.02-98.4%",$73.6611.4M,99.15%,"$4,561.46$0.0003",0,0,--,--,Share,--
12ffK7BXgFS91e4YsX8fvjUVsSLDiuxZx2X47VFW57Zc,LORE22d,-$430.39-97.2%,-$430.39-97.2%,$12.572.9M,100%,$442.96$0.0001,0,0,--,--,Share,--
12ffK7BXgFS91e4YsX8fvjUVsSLDiuxZx2X47VFW57Zc,JEET22d,-$433.16-98%,-$433.16-98%,$8.732.2M,100%,$441.89$0.0001,0,0,--,--,Share,--
12ffK7BXgFS91e4YsX8fvjUVsSLDiuxZx2X47VFW57Zc,Pua27d,"-$2,331.24-98%","-$2,331.24-98%",$46.915.1M,100%,"$2,378.15$0.0004",0,0,--,--,Share,--
12ffK7BXgFS91e4YsX8fvjUVsSLDiuxZx2X47VFW57Zc,AI50027d,"-$2,364.08-99.2%","-$2,364.08-99.2%",$19.023M,100%,"$2,383.09$0.0007",0,0,--,--,Share,--
12ffK7BXgFS91e4YsX8fvjUVsSLDiuxZx2X47VFW57Zc,$LDP27d,"-$1,130.69-97.9%","-$1,130.69-97.9%",$24.71.4M,99.68%,"$1,159.12$0.0008",0,0,--,--,Share,--
12ffK7BXgFS91e4YsX8fvjUVsSLDiuxZx2X47VFW57Zc,$PAUL32d,-$12.32-24.3%,-$12.32-24.3%,$38.4822.4M,100%,$50.81$0.0‚ÇÖ2261,0,0,--,--,Share,--
12ffK7BXgFS91e4YsX8fvjUVsSLDiuxZx2X47VFW57Zc,HeavanGate33d,-$290.78-59.4%,-$290.78-59.4%,$198.5328.4M,100%,$489.31$0.0‚ÇÑ1719,0,0,--,--,Share,--
12ffK7BXgFS91e4YsX8fvjUVsSLDiuxZx2X47VFW57Zc,$boxtops33d,-$931.87-77.6%,-$931.87-77.6%,$268.5668.2M,100%,"$1,200.43$0.0‚ÇÑ1759",0,0,--,--,Share,--
12ffK7BXgFS91e4YsX8fvjUVsSLDiuxZx2X47VFW57Zc,CHILLGAY33d,-$421.11-87.7%,-$421.11-87.7%,$59.2514.3M,100%,$480.36$0.0‚ÇÑ3346,0,0,--,--,Share,--
12ffK7BXgFS91e4YsX8fvjUVsSLDiuxZx2X47VFW57Zc,miso34d,"-$1,644.3-94.4%","-$1,644.3-94.4%",$97.128.6M,99.15%,"$1,756.34$0.0002",0,0,--,--,Share,--
12ffK7BXgFS91e4YsX8fvjUVsSLDiuxZx2X47VFW57Zc,DIFFERENT34d,-$439.17-91.6%,-$439.17-91.6%,$40.246.6M,100%,$479.41$0.0‚ÇÑ7181,0,0,--,--,Share,--
12ffK7BXgFS91e4YsX8fvjUVsSLDiuxZx2X47VFW57Zc,SPENCE34d,-$118.42-93.4%,"-$2,469.06-28.5%","$8.3252,011.04",1.46%,"$8,655.1$0.0024","6,177.73",0.0017,--,--,Share,--
12ffK7BXgFS91e4YsX8fvjUVsSLDiuxZx2X47VFW57Zc,œÄ36d,"-$2,451.45-98.8%","-$2,451.45-98.8%",$29.562M,99.66%,"$2,489.54$0.0011",0,0,--,--,Share,--
12ffK7BXgFS91e4YsX8fvjUVsSLDiuxZx2X47VFW57Zc,VORTEX36d,"-$5,867.15-98.9%","-$5,867.15-98.9%",$64.528.4M,99.15%,"$5,982.53$0.0007",0,0,--,--,Share,--
12ffK7BXgFS91e4YsX8fvjUVsSLDiuxZx2X47VFW57Zc,œÄ36d,-$371.85-77.1%,-$371.85-77.1%,$110.7515M,99.15%,$486.73$0.0‚ÇÑ3213,0,0,--,--,Share,--
12ffK7BXgFS91e4YsX8fvjUVsSLDiuxZx2X47VFW57Zc,qnn37d,"-$3,457.61-99.5%","-$3,457.61-99.5%",$16.45828.5K,99.15%,"$3,503.84$0.0041",0,0,--,--,Share,--
12ffK7BXgFS91e4YsX8fvjUVsSLDiuxZx2X47VFW57Zc,BULL39d,-$201.27-94.7%,-$201.27-94.7%,$11.371.4M,100%,$212.64$0.0001,0,0,--,--,Share,--
12ffK7BXgFS91e4YsX8fvjUVsSLDiuxZx2X47VFW57Zc,Hank39d,"-$1,013.03-97.1%","-$1,013.03-97.1%",$30.036.3M,100%,"$1,043.06$0.0001",0,0,--,--,Share,--
12ffK7BXgFS91e4YsX8fvjUVsSLDiuxZx2X47VFW57Zc,Chosen96d,+$15.88+22.9%,+$15.88+22.9%,$85.3310.2M,100%,$69.45$0.0‚ÇÖ6769,0,0,--,--,Share,--
12ffK7BXgFS91e4YsX8fvjUVsSLDiuxZx2X47VFW57Zc,coon177d,-$186.59-49.6%,-$186.59-49.6%,$129.865.5M,100%,$284.89$0.0‚ÇÑ6789,0,0,--,--,Share,--
12ffK7BXgFS91e4YsX8fvjUVsSLDiuxZx2X47VFW57Zc,Kendall212d,-$797.68-97.5%,-$797.68-97.5%,"$20.811,812.49",100%,$818.48$0.0692,0,0,--,--,Share,--
12ffK7BXgFS91e4YsX8fvjUVsSLDiuxZx2X47VFW57Zc,RARAVE220d,"-$5,136.15-99.4%","-$5,136.15-99.4%",$33.24.2M,100%,"$5,169.35$0.0012",0,0,--,--,Share,--
12ffK7BXgFS91e4YsX8fvjUVsSLDiuxZx2X47VFW57Zc,BORET236d,-$935-96.8%,-$935-96.8%,$30.82588.2K,100%,$965.82$0.0016,0,0,--,--,Share,--
12ffK7BXgFS91e4YsX8fvjUVsSLDiuxZx2X47VFW57Zc,UBC--,$00%,$00%,$5.63313,100%,$0$0,0,0,--,--,Share,--
12L63BUpPKi8ZDdD1Kj5dsyPcozjAc1vTQpVwLbBa19H,Luigi9h,+$13.5K+46.5%,+$25.89+40.2%,+$13.5K+46.5%,$42.4K2.4M,99.75%,29K,0.0118,90.32,0.0148,27,1
12L63BUpPKi8ZDdD1Kj5dsyPcozjAc1vTQpVwLbBa19H,MANIFESTO10h,-$214.19-48.7%,HODL,-$214.19-48.7%,$225.3919.8M,100%,439.58,0.0‚ÇÑ2218,0,0,3,0
12L63BUpPKi8ZDdD1Kj5dsyPcozjAc1vTQpVwLbBa19H,CATJAK20h,"-$2,274.43-85.6%","-$7,298.78-84.9%","-$9,573.21-85%",$383.192.5M,23.61%,11.3K,0.001,"1,299.79",0.0001,11,5
12L63BUpPKi8ZDdD1Kj5dsyPcozjAc1vTQpVwLbBa19H,TWRAE1d,-$311.52-11.7%,-$490.78-8.8%,-$802.3-9.8%,"$2,354.035M",31.26%,"8,223.87",0.0005,"5,067.54",0.0004,13,5
12L63BUpPKi8ZDdD1Kj5dsyPcozjAc1vTQpVwLbBa19H,FLAT1d,+$78.78+5.9%,"+$6,717.47+158.9%","+$6,796.25+122%","$1,632.353.5M",29.24%,"4,593.1",0.0003,10.9K,0.0009,9,20
12L63BUpPKi8ZDdD1Kj5dsyPcozjAc1vTQpVwLbBa19H,TUPI1d,Sell All,"-$3,144.53-52.4%","-$3,144.53-52.4%",$00,0%,"5,997.63",0.0008,"2,853.11",0.0004,11,2
12L63BUpPKi8ZDdD1Kj5dsyPcozjAc1vTQpVwLbBa19H,DRONES1d,Sell All,-$967.59-30.2%,-$967.59-30.2%,$00,0%,"3,200.28",0.0015,"2,232.69",0.001,5,2
12L63BUpPKi8ZDdD1Kj5dsyPcozjAc1vTQpVwLbBa19H,TSLA1d,Sell All,"-$1,247.28-67.9%","-$1,247.28-67.9%",$00,0%,"1,837.46",0.0001,590.18,0.0‚ÇÑ6091,3,2
12L63BUpPKi8ZDdD1Kj5dsyPcozjAc1vTQpVwLbBa19H,LOL1d,Sell All,+$96.7K+1.1K%,+$96.7K+1.1K%,$00,0%,"8,541.04",0.0004,105.1K,0.0055,4,87
12L63BUpPKi8ZDdD1Kj5dsyPcozjAc1vTQpVwLbBa19H,DIT1d,-$170.96-23.3%,"-$3,279.81-34.2%","-$3,450.77-33.4%",$562.129.5M,29.6%,10.3K,0.0003,"6,305.22",0.0002,15,12
12L63BUpPKi8ZDdD1Kj5dsyPcozjAc1vTQpVwLbBa19H,RZLR2d,-$16.4K-79.2%,-$18K-72.5%,-$34.3K-75.5%,"$4,298.674M",45.46%,45.5K,0.0051,"6,827.48",0.0014,41,11
12L63BUpPKi8ZDdD1Kj5dsyPcozjAc1vTQpVwLbBa19H,IoA2d,-$633.72-80.9%,-$683.77-87.3%,"-$1,317.49-84.1%",$149.595.3M,50%,"1,566.63",0.0001,99.54,0.0‚ÇÑ1854,3,1
12L63BUpPKi8ZDdD1Kj5dsyPcozjAc1vTQpVwLbBa19H,ELON2d,-$832.96-70.2%,-$177.14-71%,"-$1,010.1-70.3%",$353.410M,82.62%,"1,435.85",0.0001,72.34,0.0‚ÇÑ344,3,1
12L63BUpPKi8ZDdD1Kj5dsyPcozjAc1vTQpVwLbBa19H,AINTI2d,Sell All,"+$6,362.78+788.9%","+$6,362.78+788.9%",$00,0%,806.5,0.0‚ÇÑ6012,"7,169.27",0.0005,1,16
12L63BUpPKi8ZDdD1Kj5dsyPcozjAc1vTQpVwLbBa19H,BBP6d,Sell All,"-$1,948.46-71%","-$1,948.46-71%",$00,0%,"2,744.83",0.0003,796.37,0.0‚ÇÑ9368,5,2
12L63BUpPKi8ZDdD1Kj5dsyPcozjAc1vTQpVwLbBa19H,dad7d,-$204.51-89%,-$298.33-79.6%,-$502.84-83.1%,$25.365M,38.01%,604.74,0.0‚ÇÑ4597,76.55,0.0‚ÇÖ9387,2,1
12L63BUpPKi8ZDdD1Kj5dsyPcozjAc1vTQpVwLbBa19H,ZUMI7d,Sell All,"-$1,605.44-63.6%","-$1,605.44-63.6%",$00,0%,"2,525.15",0.0002,919.71,0.0‚ÇÑ9486,4,2
12L63BUpPKi8ZDdD1Kj5dsyPcozjAc1vTQpVwLbBa19H,XD7d,Sell All,-$834.4-29.7%,-$834.4-29.7%,$00,0%,"2,744.92",0.0017,"1,976.48",0.0011,4,3
12L63BUpPKi8ZDdD1Kj5dsyPcozjAc1vTQpVwLbBa19H,WISH11d,Sell All,-$329.04-78.3%,-$329.04-78.3%,$00,0%,419.99,0.0‚ÇÑ3173,90.95,0.0‚ÇÖ6872,2,1
12L63BUpPKi8ZDdD1Kj5dsyPcozjAc1vTQpVwLbBa19H,EVIL11d,Sell All,-$472.09-67.1%,-$472.09-67.1%,$00,0%,703.77,0.0‚ÇÑ6399,231.68,0.0‚ÇÑ2106,1,2
12L63BUpPKi8ZDdD1Kj5dsyPcozjAc1vTQpVwLbBa19H,PBJT14d,Sell All,-$519.85-64.6%,-$519.85-64.6%,$00,0%,804.29,0.0‚ÇÑ7634,284.44,0.0‚ÇÑ2699,2,2
12L63BUpPKi8ZDdD1Kj5dsyPcozjAc1vTQpVwLbBa19H,GRGRUMP14d,Sell All,"-$2,789.66-71.4%","-$2,789.66-71.4%",$00,0%,"3,906.38",0.0005,"1,116.72",0.0001,5,3
12L63BUpPKi8ZDdD1Kj5dsyPcozjAc1vTQpVwLbBa19H,trenchdog14d,Sell All,+$105.27+8.8%,+$105.27+8.8%,$00,0%,"1,193.33",0.0001,"1,298.6",0.0001,3,2
12L63BUpPKi8ZDdD1Kj5dsyPcozjAc1vTQpVwLbBa19H,Albino18d,Sell All,-$373.18-40.6%,-$373.18-40.6%,$00,0%,918.69,0.0‚ÇÑ6281,545.51,0.0‚ÇÑ373,2,2
12L63BUpPKi8ZDdD1Kj5dsyPcozjAc1vTQpVwLbBa19H,HYPER23d,Sell All,"-$6,014.11-68.8%","-$6,014.11-68.8%",$00,0%,"8,743.77",0.0006,"2,729.66",0.0002,9,3
12L63BUpPKi8ZDdD1Kj5dsyPcozjAc1vTQpVwLbBa19H,STARRY23d,Sell All,-$511.99-17%,-$511.99-17%,$00,0%,"3,017.13",0.0003,"2,505.14",0.0002,3,3
12L63BUpPKi8ZDdD1Kj5dsyPcozjAc1vTQpVwLbBa19H,BANKSY23d,Sell All,"-$1,220.18-49.2%","-$1,220.18-49.2%",$00,0%,"2,478.18",0.0002,"1,257.99",0.0001,3,2
12L63BUpPKi8ZDdD1Kj5dsyPcozjAc1vTQpVwLbBa19H,LOLA23d,Sell All,+$45.3K+569.9%,+$45.3K+569.9%,$00,0%,"7,948.89",0.0016,53.3K,0.0113,14,39
12L63BUpPKi8ZDdD1Kj5dsyPcozjAc1vTQpVwLbBa19H,oof23d,Sell All,"-$1,804.73-58.1%","-$1,804.73-58.1%",$00,0%,"3,108.45",0.0002,"1,303.71",0.0001,3,5
12L63BUpPKi8ZDdD1Kj5dsyPcozjAc1vTQpVwLbBa19H,croc23d,-$988.76-33.7%,HODL,-$988.76-33.7%,"$1,945.2213.5M",100%,"2,933.98",0.0002,0,0,5,0
12L63BUpPKi8ZDdD1Kj5dsyPcozjAc1vTQpVwLbBa19H,Eve24d,Sell All,"-$2,995.84-85.2%","-$2,995.84-85.2%",$00,0%,"3,514.82",0.0002,518.98,0.0‚ÇÑ2965,6,2
12L63BUpPKi8ZDdD1Kj5dsyPcozjAc1vTQpVwLbBa19H,dare24d,Sell All,-$403.46-84.1%,-$403.46-84.1%,$00,0%,479.73,0.0‚ÇÑ3327,76.27,0.0‚ÇÖ529,1,1
12L63BUpPKi8ZDdD1Kj5dsyPcozjAc1vTQpVwLbBa19H,COOKIE28d,Sell All,-$128.35-55.1%,-$128.35-55.1%,$00,0%,232.96,0.0‚ÇÑ122,104.61,0.0‚ÇÖ5479,1,1
12L63BUpPKi8ZDdD1Kj5dsyPcozjAc1vTQpVwLbBa19H,scanning28d,Sell All,"-$1,637.41-74.8%","-$1,637.41-74.8%",$00,0%,"2,189.55",0.0003,552.14,0.0‚ÇÑ7885,2,3
12L63BUpPKi8ZDdD1Kj5dsyPcozjAc1vTQpVwLbBa19H,GTW30d,Sell All,"-$1,386.12-70.5%","-$1,386.12-70.5%",$00,0%,"1,967.08",0.0002,580.96,0.0‚ÇÑ7931,3,2
12L63BUpPKi8ZDdD1Kj5dsyPcozjAc1vTQpVwLbBa19H,PAULY 30d,Sell All,-$808.05-83.5%,-$808.05-83.5%,$00,0%,967.74,0.0‚ÇÑ8598,159.7,0.0‚ÇÑ1418,2,1
12L63BUpPKi8ZDdD1Kj5dsyPcozjAc1vTQpVwLbBa19H,W31d,Sell All,-$390.62-17.9%,-$390.62-17.9%,$00,0%,"2,187.75",0.0003,"1,797.13",0.0002,6,2
12L63BUpPKi8ZDdD1Kj5dsyPcozjAc1vTQpVwLbBa19H,NOLAND31d,Sell All,+$319.16+24.8%,+$319.16+24.8%,$00,0%,"1,284.99",0.0058,"1,604.15",0.0073,1,1
12L63BUpPKi8ZDdD1Kj5dsyPcozjAc1vTQpVwLbBa19H,JOWNES32d,Sell All,"+$1,290.46+20.3%","+$1,290.46+20.3%",$00,0%,"6,812.04",0.0007,"7,657.15",0.0008,6,6
12L63BUpPKi8ZDdD1Kj5dsyPcozjAc1vTQpVwLbBa19H,Gapeape32d,Sell All,"-$2,709.4-57.2%","-$2,709.4-57.2%",$00,0%,"4,732.67",0.0002,"2,023.28",0.0001,9,5
12L63BUpPKi8ZDdD1Kj5dsyPcozjAc1vTQpVwLbBa19H,nicky32d,Sell All,"-$3,098.45-91.9%","-$3,098.45-91.9%",$00,0%,"3,371.74",0.0003,273.29,0.0‚ÇÑ2766,4,2
12L63BUpPKi8ZDdD1Kj5dsyPcozjAc1vTQpVwLbBa19H,goob32d,Sell All,"-$6,729.53-70.3%","-$6,729.53-70.3%",$00,0%,"9,571.88",0.0038,"2,842.35",0.0011,8,5
12L63BUpPKi8ZDdD1Kj5dsyPcozjAc1vTQpVwLbBa19H,Twunc32d,Sell All,-$505.98-59.5%,-$505.98-59.5%,$00,0%,850.76,0.0‚ÇÑ9203,344.78,0.0‚ÇÑ3729,1,1
12L63BUpPKi8ZDdD1Kj5dsyPcozjAc1vTQpVwLbBa19H,LMAO34d,Sell All,+$573.94+36.3%,+$573.94+36.3%,$00,0%,"1,580.92",0.0001,"2,154.85",0.0001,4,3
12L63BUpPKi8ZDdD1Kj5dsyPcozjAc1vTQpVwLbBa19H,york35d,Sell All,-$330.03-44.3%,-$330.03-44.3%,$00,0%,744.22,0.0001,414.19,0.0‚ÇÑ7553,1,1
12L63BUpPKi8ZDdD1Kj5dsyPcozjAc1vTQpVwLbBa19H,sweft35d,Sell All,-$245.42-46.8%,-$245.42-46.8%,$00,0%,524.02,0.0‚ÇÑ2088,278.6,0.0‚ÇÑ111,0,2
12L63BUpPKi8ZDdD1Kj5dsyPcozjAc1vTQpVwLbBa19H,EPSTON36d,$00%,$00%,$00%,$00,100%,0,0,0,0,0,0
12L63BUpPKi8ZDdD1Kj5dsyPcozjAc1vTQpVwLbBa19H,SPUD36d,$00%,$00%,$00%,$00,100%,0,0,0,0,0,0
12L63BUpPKi8ZDdD1Kj5dsyPcozjAc1vTQpVwLbBa19H,AUTER36d,Sell All,"-$5,144.15-94.5%","-$5,144.15-94.5%",$00,0%,"5,443.83",0.0002,299.69,0.0‚ÇÑ1396,8,2
12L63BUpPKi8ZDdD1Kj5dsyPcozjAc1vTQpVwLbBa19H,üçâ36d,Sell All,"-$1,447.7-78.4%","-$1,447.7-78.4%",$00,0%,"1,846.2",0.0‚ÇÑ523,398.5,0.0‚ÇÑ1128,7,3
12L63BUpPKi8ZDdD1Kj5dsyPcozjAc1vTQpVwLbBa19H,Luigi9h,+$13.5K+46.5%,+$13.5K+46.5%,$42.4K2.4M,99.75%,$29K$0.0118,90.32,0.0148,--,--,Share,--
12L63BUpPKi8ZDdD1Kj5dsyPcozjAc1vTQpVwLbBa19H,MANIFESTO10h,-$214.19-48.7%,-$214.19-48.7%,$225.3919.8M,100%,$439.58$0.0‚ÇÑ2218,0,0,--,--,Share,--
12L63BUpPKi8ZDdD1Kj5dsyPcozjAc1vTQpVwLbBa19H,CATJAK20h,"-$2,274.43-85.6%","-$9,573.21-85%",$383.192.5M,23.61%,$11.3K$0.001,"1,299.79",0.0001,--,--,Share,--
12L63BUpPKi8ZDdD1Kj5dsyPcozjAc1vTQpVwLbBa19H,TWRAE1d,-$311.52-11.7%,-$802.3-9.8%,"$2,354.035M",31.26%,"$8,223.87$0.0005","5,067.54",0.0004,--,--,Share,--
12L63BUpPKi8ZDdD1Kj5dsyPcozjAc1vTQpVwLbBa19H,FLAT1d,+$78.78+5.9%,"+$6,796.25+122%","$1,632.353.5M",29.24%,"$4,593.1$0.0003",10.9K,0.0009,--,--,Share,--
12L63BUpPKi8ZDdD1Kj5dsyPcozjAc1vTQpVwLbBa19H,DIT1d,-$170.96-23.3%,"-$3,450.77-33.4%",$562.129.5M,29.6%,$10.3K$0.0003,"6,305.22",0.0002,--,--,Share,--
12L63BUpPKi8ZDdD1Kj5dsyPcozjAc1vTQpVwLbBa19H,RZLR2d,-$16.4K-79.2%,-$34.3K-75.5%,"$4,298.674M",45.46%,$45.5K$0.0051,"6,827.48",0.0014,--,--,Share,--
12L63BUpPKi8ZDdD1Kj5dsyPcozjAc1vTQpVwLbBa19H,IoA2d,-$633.72-80.9%,"-$1,317.49-84.1%",$149.595.3M,50%,"$1,566.63$0.0001",99.54,0.0‚ÇÑ1854,--,--,Share,--
12L63BUpPKi8ZDdD1Kj5dsyPcozjAc1vTQpVwLbBa19H,ELON2d,-$832.96-70.2%,"-$1,010.1-70.3%",$353.410M,82.62%,"$1,435.85$0.0001",72.34,0.0‚ÇÑ344,--,--,Share,--
12L63BUpPKi8ZDdD1Kj5dsyPcozjAc1vTQpVwLbBa19H,dad7d,-$204.51-89%,-$502.84-83.1%,$25.365M,38.01%,$604.74$0.0‚ÇÑ4597,76.55,0.0‚ÇÖ9387,--,--,Share,--
12L63BUpPKi8ZDdD1Kj5dsyPcozjAc1vTQpVwLbBa19H,croc23d,-$988.76-33.7%,-$988.76-33.7%,"$1,945.2213.5M",100%,"$2,933.98$0.0002",0,0,--,--,Share,--
12qSkd8fv9uvwWiDKmkDVMqfV59bMHKZE7iBAfDUbWKd,SHIRO23d,-$185.78-98.2%,+$31.25+19.7%,-$154.53-44.5%,$3.38299.2K,50.87%,347.41,0.0005,189.51,0.0006,2,1
12qSkd8fv9uvwWiDKmkDVMqfV59bMHKZE7iBAfDUbWKd,SAINTPEPE23d,Sell All,-$3.52-2.1%,-$3.52-2.1%,$00,0%,163.97,0.0004,160.45,0.0004,1,1
12qSkd8fv9uvwWiDKmkDVMqfV59bMHKZE7iBAfDUbWKd,‚ãâ‚éç‚èö23d,Sell All,"-$3,013.71-94.8%","-$3,013.71-94.8%",$00,0%,"3,177.68",0.001,163.97,0.0‚ÇÑ5298,3,1
12qSkd8fv9uvwWiDKmkDVMqfV59bMHKZE7iBAfDUbWKd,Chillgirl28d,Sell All,-$163.39-5.3%,-$163.39-5.3%,$00,0%,"3,068.54",0.0044,"2,905.15",0.0041,1,1
12qSkd8fv9uvwWiDKmkDVMqfV59bMHKZE7iBAfDUbWKd,DNA28d,Sell All,"-$3,422.45-53%","-$3,422.45-53%",$00,0%,"6,452.9",0.0‚Çâ1993,"3,030.46",0.0‚ÇÅ‚ÇÄ936,1,2
12qSkd8fv9uvwWiDKmkDVMqfV59bMHKZE7iBAfDUbWKd,GNOME30d,Sell All,-$14.2K-47.8%,-$14.2K-47.8%,$00,0%,29.8K,0.0009,15.5K,0.0004,4,3
12qSkd8fv9uvwWiDKmkDVMqfV59bMHKZE7iBAfDUbWKd,BITCOIN30d,$00%,HODL,$00%,$0.006696,100%,0,0,0,0,0,0
12qSkd8fv9uvwWiDKmkDVMqfV59bMHKZE7iBAfDUbWKd,SAFEMOON30d,Sell All,"-$5,056.23-12.2%","-$5,056.23-12.2%",$00,0%,41.5K,0.0006,36.4K,0.0005,6,5
12qSkd8fv9uvwWiDKmkDVMqfV59bMHKZE7iBAfDUbWKd,WAIT30d,Sell All,-$24.3K-47.6%,-$24.3K-47.6%,$00,0%,51.1K,0.0061,26.8K,0.0032,14,10
12qSkd8fv9uvwWiDKmkDVMqfV59bMHKZE7iBAfDUbWKd,.DOGE30d,$00%,HODL,$00%,"$05,389.63",100%,0,0,0,0,0,0
12qSkd8fv9uvwWiDKmkDVMqfV59bMHKZE7iBAfDUbWKd,UPDOG31d,$00%,HODL,$00%,"$1.061,000",100%,0,0,0,0,0,0
12qSkd8fv9uvwWiDKmkDVMqfV59bMHKZE7iBAfDUbWKd,MOTHER31d,Sell All,"+$7,427.79+7.7%","+$7,427.79+7.7%",$00,0%,143.5K,0.056,103.9K,0.0561,10,29
12qSkd8fv9uvwWiDKmkDVMqfV59bMHKZE7iBAfDUbWKd,CHILLRICH32d,Sell All,"-$3,722.05-76.3%","-$3,722.05-76.3%",$00,0%,"4,879.77",0.0004,"1,157.72",0.0001,3,1
12qSkd8fv9uvwWiDKmkDVMqfV59bMHKZE7iBAfDUbWKd,BTW36d,Sell All,"+$4,931.57+40.2%","+$4,931.57+40.2%",$00,0%,12.3K,0.0052,17.2K,0.0074,3,3
12qSkd8fv9uvwWiDKmkDVMqfV59bMHKZE7iBAfDUbWKd,Ban36d,Sell All,-$998.04-2.3%,-$998.04-2.3%,$00,0%,58.6K,0.3112,42K,0.3037,9,9
12qSkd8fv9uvwWiDKmkDVMqfV59bMHKZE7iBAfDUbWKd,BAYC36d,Sell All,-$199.58-1.1%,-$199.58-1.1%,$00,0%,18.3K,0.0029,18.1K,0.0028,6,3
12qSkd8fv9uvwWiDKmkDVMqfV59bMHKZE7iBAfDUbWKd,DOGE41d,Sell All,"+$1,896.74+9.1%","+$1,896.74+9.1%",$00,0%,20.9K,2.1214,22.8K,2.3139,4,2
12qSkd8fv9uvwWiDKmkDVMqfV59bMHKZE7iBAfDUbWKd,Pnut 43d,Sell All,+$55.7K+673.8%,+$55.7K+673.9%,$0.5290.709,0%,"8,259.72",0.0475,63.9K,0.3682,1,1
12qSkd8fv9uvwWiDKmkDVMqfV59bMHKZE7iBAfDUbWKd,PEPE44d,$00%,HODL,$00%,$0.06696.69,100%,0,0,0,0,0,0
12qSkd8fv9uvwWiDKmkDVMqfV59bMHKZE7iBAfDUbWKd,LUCE53d,Sell All,"-$1,005.17-4.6%","-$1,005.17-4.6%",$00,0%,21.9K,0.0609,20.9K,0.0581,6,4
12qSkd8fv9uvwWiDKmkDVMqfV59bMHKZE7iBAfDUbWKd,LAPUPU54d,$00%,HODL,$00%,$0.488500,100%,0,0,0,0,0,0
12qSkd8fv9uvwWiDKmkDVMqfV59bMHKZE7iBAfDUbWKd,MOODENG55d,Sell All,"+$1,118.59+41.6%","+$1,118.59+41.6%",$00,0%,"4,057.88",0.1834,"3,808.49",0.2378,2,1
12qSkd8fv9uvwWiDKmkDVMqfV59bMHKZE7iBAfDUbWKd,PEEP56d,$00%,HODL,$00%,"$0.29550,000",100%,0,0,0,0,0,0
12qSkd8fv9uvwWiDKmkDVMqfV59bMHKZE7iBAfDUbWKd,BILLY58d,Sell All,+$205.83+2.8%,+$205.83+2.8%,$00,0%,"7,482.89",0.031,"7,688.72",0.0318,5,4
12qSkd8fv9uvwWiDKmkDVMqfV59bMHKZE7iBAfDUbWKd,CATCOIN60d,Sell All,$00%,$00%,$00.723,100%,0,0,134.68,0.0‚ÇÑ298,0,1
12qSkd8fv9uvwWiDKmkDVMqfV59bMHKZE7iBAfDUbWKd,ANT61d,Sell All,$00%,$00%,$00,100%,0,0,"1,104.68",0.0052,0,2
12qSkd8fv9uvwWiDKmkDVMqfV59bMHKZE7iBAfDUbWKd,NoHat61d,Sell All,+$450.25+1.4%,+$450.25+1.4%,$00.283,0%,32.1K,0.0028,32.6K,0.0029,4,1
12qSkd8fv9uvwWiDKmkDVMqfV59bMHKZE7iBAfDUbWKd,DOGGY72d,Sell All,-$10.1-18.9%,-$10.1-18.9%,$00,0%,53.47,0.0002,43.38,0.0002,1,1
12qSkd8fv9uvwWiDKmkDVMqfV59bMHKZE7iBAfDUbWKd,Doddy74d,Sell All,-$220.47-79.9%,-$220.47-79.9%,$00,0%,275.81,0.0002,55.35,0.0‚ÇÑ4095,1,1
12qSkd8fv9uvwWiDKmkDVMqfV59bMHKZE7iBAfDUbWKd,DIDDY74d,Sell All,-$502.29-15%,-$502.29-15%,$00,0%,"3,342.05",0.0008,"2,839.75",0.0007,4,3
12qSkd8fv9uvwWiDKmkDVMqfV59bMHKZE7iBAfDUbWKd,DOLLAR75d,Sell All,"+$1,892.64+25.6%","+$1,892.64+25.6%",$00,0%,"7,383.17",0.0008,"9,275.81",0.001,4,4
12qSkd8fv9uvwWiDKmkDVMqfV59bMHKZE7iBAfDUbWKd,DRUMP119d,$00%,+$268.06+16.5%,+$268.06+16.5%,$00,0%,"1,624.34",0.0022,"1,892.41",0.0025,0,0
12qSkd8fv9uvwWiDKmkDVMqfV59bMHKZE7iBAfDUbWKd,WBILLY135d,$00%,-$114.8-95.9%,-$114.8-95.9%,$00,0%,119.73,0.0001,4.92,0.0‚ÇÖ4547,0,0
12qSkd8fv9uvwWiDKmkDVMqfV59bMHKZE7iBAfDUbWKd,SBF140d,$00%,-$348.91-74.5%,-$348.91-74.5%,$00,0%,468.64,0.0‚ÇÑ7493,119.73,0.0‚ÇÑ1914,0,0
12qSkd8fv9uvwWiDKmkDVMqfV59bMHKZE7iBAfDUbWKd,LOAFCAT142d,$00%,-$14.79-1.7%,-$14.79-1.7%,$00,0%,892.13,0.0‚ÇÑ355,877.34,0.0‚ÇÑ3491,0,0
12qSkd8fv9uvwWiDKmkDVMqfV59bMHKZE7iBAfDUbWKd,HUNG142d,-$552.79-100%,HODL,-$552.79-100%,"$055,353.16",100%,552.79,0.0099,0,0,0,0
12qSkd8fv9uvwWiDKmkDVMqfV59bMHKZE7iBAfDUbWKd,GAY145d,$00%,"+$8,039.63+92.6%","+$8,039.63+92.6%",$00,0%,"8,683.14",0.002,16.7K,0.0039,0,0
12qSkd8fv9uvwWiDKmkDVMqfV59bMHKZE7iBAfDUbWKd,STRAIGHT146d,$00%,-$20.68-3%,-$20.68-3%,$00,0%,700.1,0.0004,679.42,0.0004,0,0
12qSkd8fv9uvwWiDKmkDVMqfV59bMHKZE7iBAfDUbWKd,FLOCKA146d,$00%,"-$8,149.05-50.2%","-$8,149.05-50.2%",$00,0%,16.2K,0.0011,"8,078.58",0.0005,0,0
12qSkd8fv9uvwWiDKmkDVMqfV59bMHKZE7iBAfDUbWKd,PICKLE196d,$00%,+$50.86+10.4%,+$50.86+10.4%,$00,0%,486.92,0.0024,537.78,0.0026,0,0
12qSkd8fv9uvwWiDKmkDVMqfV59bMHKZE7iBAfDUbWKd,SOLLY196d,$00%,+$1.02+0.9%,+$1.02+0.9%,$00,0%,116.54,0.0817,117.57,0.0824,0,0
12qSkd8fv9uvwWiDKmkDVMqfV59bMHKZE7iBAfDUbWKd,NIGI202d,$00%,-$303.93-2%,-$303.93-2%,$00,0%,15.1K,0.0013,14.8K,0.0012,0,0
12qSkd8fv9uvwWiDKmkDVMqfV59bMHKZE7iBAfDUbWKd,SwapFast203d,$00%,+$74.25+16.2%,+$74.25+16.2%,$00,0%,458.53,0.0833,532.78,0.0967,0,0
12qSkd8fv9uvwWiDKmkDVMqfV59bMHKZE7iBAfDUbWKd,SHIB206d,$00%,+$533.32+19.2%,+$533.32+19.2%,$00,0%,"2,770.65",0.0006,"3,303.97",0.0007,0,0
12qSkd8fv9uvwWiDKmkDVMqfV59bMHKZE7iBAfDUbWKd,SOCKS206d,$00%,+$78.8+11.6%,+$78.8+11.6%,"$0.3713,400",0.14%,680.07,0.0002,758.87,0.0003,0,0
12qSkd8fv9uvwWiDKmkDVMqfV59bMHKZE7iBAfDUbWKd,JEETS207d,$00%,-$0.028-0.4%,-$0.028-0.4%,$00,0%,7.21,0.0‚ÇÑ4049,7.18,0.0‚ÇÑ4033,0,0
12qSkd8fv9uvwWiDKmkDVMqfV59bMHKZE7iBAfDUbWKd,MAGAMEME207d,$00%,-$17.52-48.7%,-$17.52-48.7%,$00,0%,35.99,0.0‚ÇÑ4205,18.47,0.0‚ÇÑ2158,0,0
12qSkd8fv9uvwWiDKmkDVMqfV59bMHKZE7iBAfDUbWKd,TRUMPY207d,+$0+18.5%,+$1.04+4.7%,+$1.04+4.7%,$00.127,0%,22.01,0.0‚ÇÖ1196,23.05,0.0‚ÇÖ1253,0,0
12qSkd8fv9uvwWiDKmkDVMqfV59bMHKZE7iBAfDUbWKd,JJ207d,$00%,-$69.62-76%,-$69.62-76%,$00,0%,91.63,0.0‚ÇÑ4747,22.01,0.0‚ÇÑ114,0,0
12qSkd8fv9uvwWiDKmkDVMqfV59bMHKZE7iBAfDUbWKd,DON207d,$00%,-$171.21-44.3%,-$171.21-44.3%,$00,0%,386.52,0.0001,215.31,0.0‚ÇÑ5783,0,0
12qSkd8fv9uvwWiDKmkDVMqfV59bMHKZE7iBAfDUbWKd,No assets held.,,,,,,--,--,--,--,--,--
12wyPStxxZeSRVak7L3AqnJ92Zc72HQ9cLJo7Km59ZvJ,GGL21h,$00%,HODL,$00%,$0.00410,100%,0,0,0,0,0,0
12wyPStxxZeSRVak7L3AqnJ92Zc72HQ9cLJo7Km59ZvJ,ROWDY3d,$00%,HODL,$00%,"$0.1171,000",100%,0,0,0,0,0,0
12wyPStxxZeSRVak7L3AqnJ92Zc72HQ9cLJo7Km59ZvJ,üêßüêß3d,$00%,HODL,$00%,"$1.821,000",100%,0,0,0,0,0,0
12wyPStxxZeSRVak7L3AqnJ92Zc72HQ9cLJo7Km59ZvJ,DGEN4d,$00%,HODL,$00%,$0.021100,100%,0,0,0,0,0,0
12wyPStxxZeSRVak7L3AqnJ92Zc72HQ9cLJo7Km59ZvJ,FLOCKY6d,$00%,HODL,$00%,$0.01200,100%,0,0,0,0,0,0
12wyPStxxZeSRVak7L3AqnJ92Zc72HQ9cLJo7Km59ZvJ,SNAKE20257d,$00%,HODL,$00%,"$0.1952,025",100%,0,0,0,0,0,0
12wyPStxxZeSRVak7L3AqnJ92Zc72HQ9cLJo7Km59ZvJ,PENGU7d,$00%,HODL,$00%,$0.2246,100%,0,0,0,0,0,0
12wyPStxxZeSRVak7L3AqnJ92Zc72HQ9cLJo7Km59ZvJ,SCHIZO11d,+$804.18+35.6%,HODL,+$804.18+35.6%,"$3,063.78488.4K",100%,"2,259.6",0.0046,0,0,1,0
12wyPStxxZeSRVak7L3AqnJ92Zc72HQ9cLJo7Km59ZvJ,LGTB13d,$00%,HODL,$00%,"$54,414",100%,0,0,0,0,0,0
12wyPStxxZeSRVak7L3AqnJ92Zc72HQ9cLJo7Km59ZvJ,RCL14d,$00%,$00%,$00%,$00,100%,0,0,0,0,0,0
12wyPStxxZeSRVak7L3AqnJ92Zc72HQ9cLJo7Km59ZvJ,RCL14d,$00%,$00%,$00%,$00,100%,0,0,0,0,0,0
12wyPStxxZeSRVak7L3AqnJ92Zc72HQ9cLJo7Km59ZvJ,RCL14d,$00%,$00%,$00%,$00,100%,0,0,0,0,0,0
12wyPStxxZeSRVak7L3AqnJ92Zc72HQ9cLJo7Km59ZvJ,RCL14d,$00%,$00%,$00%,$00,100%,0,0,0,0,0,0
12wyPStxxZeSRVak7L3AqnJ92Zc72HQ9cLJo7Km59ZvJ,RCL14d,$00%,$00%,$00%,$00,100%,0,0,0,0,0,0
12wyPStxxZeSRVak7L3AqnJ92Zc72HQ9cLJo7Km59ZvJ,RCL14d,$00%,$00%,$00%,$00,100%,0,0,0,0,0,0
12wyPStxxZeSRVak7L3AqnJ92Zc72HQ9cLJo7Km59ZvJ,RCL14d,$00%,$00%,$00%,$00,100%,0,0,0,0,0,0
12wyPStxxZeSRVak7L3AqnJ92Zc72HQ9cLJo7Km59ZvJ,ME14d,$00%,HODL,$00%,"$8,568.222,472.28",100%,0,0,0,0,0,0
12wyPStxxZeSRVak7L3AqnJ92Zc72HQ9cLJo7Km59ZvJ,SAIKA18d,-$65.5-94%,HODL,-$65.5-94%,$4.21153.9K,100%,69.71,0.0004,0,0,1,0
12wyPStxxZeSRVak7L3AqnJ92Zc72HQ9cLJo7Km59ZvJ,SOLARIS18d,-$24.41-2.1%,-$119.45-4.7%,-$143.86-3.9%,"$1,115.83203.3K",39.1%,"3,692.46",0.007,"2,432.77",0.0076,4,3
12wyPStxxZeSRVak7L3AqnJ92Zc72HQ9cLJo7Km59ZvJ,M3M320d,$00%,$00%,$00%,$00,100%,0,0,0,0,0,0
12wyPStxxZeSRVak7L3AqnJ92Zc72HQ9cLJo7Km59ZvJ,KOREA21d,Sell All,-$51.36-47.5%,-$51.36-47.5%,$00,0%,108.08,0.0001,56.72,0.0001,1,1
12wyPStxxZeSRVak7L3AqnJ92Zc72HQ9cLJo7Km59ZvJ,KOL22d,$00%,HODL,$00%,$0.2090.25,100%,0,0,0,0,0,0
12wyPStxxZeSRVak7L3AqnJ92Zc72HQ9cLJo7Km59ZvJ,HoHoHo23d,$00%,HODL,$00%,"$01,000",100%,0,0,0,0,0,0
12wyPStxxZeSRVak7L3AqnJ92Zc72HQ9cLJo7Km59ZvJ,AIKO23d,Sell All,-$600.29-10.1%,-$600.29-10.1%,$00,0%,"5,915.75",0.0035,"5,315.46",0.0032,1,1
12wyPStxxZeSRVak7L3AqnJ92Zc72HQ9cLJo7Km59ZvJ,$123d,Sell All,"-$6,863.57-28%","-$6,863.57-28%",$00,0%,24.5K,0.0156,17.6K,0.0112,6,4
12wyPStxxZeSRVak7L3AqnJ92Zc72HQ9cLJo7Km59ZvJ,ZEREBRO24d,Sell All,+$334.61+3.4%,+$334.61+3.4%,$00,0%,"8,999.28",0.3519,10.3K,0.3648,2,3
12wyPStxxZeSRVak7L3AqnJ92Zc72HQ9cLJo7Km59ZvJ,LOLA25d,"-$2,624.42-97.9%","+$5,170.39+31%","+$2,545.96+13.2%","$56.8370,124.17",3.6%,19.4K,0.0099,21.8K,0.0116,5,3
12wyPStxxZeSRVak7L3AqnJ92Zc72HQ9cLJo7Km59ZvJ,UBC25d,Sell All,"-$4,425.84-43.1%","-$4,425.84-43.1%",$00,0%,10.3K,0.0656,"5,852.97",0.0373,4,5
12wyPStxxZeSRVak7L3AqnJ92Zc72HQ9cLJo7Km59ZvJ,AIXBT25d,Sell All,+$492.04+8.7%,+$492.04+8.7%,$00.002,0%,15.7K,0.1002,"6,170",0.0903,5,1
12wyPStxxZeSRVak7L3AqnJ92Zc72HQ9cLJo7Km59ZvJ,1DOGE27d,$00%,HODL,$00%,$0.001300,100%,0,0,0,0,0,0
12wyPStxxZeSRVak7L3AqnJ92Zc72HQ9cLJo7Km59ZvJ,UBC28d,$00%,HODL,$00%,$21.97999,100%,0,0,0,0,0,0
12wyPStxxZeSRVak7L3AqnJ92Zc72HQ9cLJo7Km59ZvJ,KACY28d,Sell All,-$318.09-2.9%,-$318.09-2.9%,$00,0%,"9,656.36",0.0273,10.8K,0.0265,7,5
12wyPStxxZeSRVak7L3AqnJ92Zc72HQ9cLJo7Km59ZvJ,VICTIM28d,$00%,HODL,$00%,"$0.0111,000",100%,0,0,0,0,0,0
12wyPStxxZeSRVak7L3AqnJ92Zc72HQ9cLJo7Km59ZvJ,Fuck Mark29d,-$236.94-95.2%,HODL,-$236.94-95.2%,$11.851.4M,100%,248.79,0.0001,0,0,1,0
12wyPStxxZeSRVak7L3AqnJ92Zc72HQ9cLJo7Km59ZvJ,Eva29d,-$271.33-97.6%,HODL,-$271.33-97.6%,$6.66372.5K,100%,277.99,0.0007,0,0,2,0
12wyPStxxZeSRVak7L3AqnJ92Zc72HQ9cLJo7Km59ZvJ,AVA30d,"-$1,003.09-80.1%",HODL,"-$1,003.09-80.1%","$249.4913,733.94",100%,"1,252.58",0.0912,0,0,2,0
12wyPStxxZeSRVak7L3AqnJ92Zc72HQ9cLJo7Km59ZvJ,LIVE31d,Sell All,-$141.7-55.4%,-$141.7-55.4%,$00,0%,255.81,0.0152,114.11,0.0068,1,1
12wyPStxxZeSRVak7L3AqnJ92Zc72HQ9cLJo7Km59ZvJ,AETHER AI31d,Sell All,-$168.32-71.4%,-$168.32-71.4%,$00,0%,236.33,0.0009,67.54,0.0002,1,1
12wyPStxxZeSRVak7L3AqnJ92Zc72HQ9cLJo7Km59ZvJ,Cheyenne31d,Sell All,+$128.51+54.2%,+$128.51+54.2%,$00,0%,236.92,0.0145,365.43,0.0224,1,1
12wyPStxxZeSRVak7L3AqnJ92Zc72HQ9cLJo7Km59ZvJ,dontdie31d,Sell All,-$717.45-63.8%,-$717.45-63.8%,$00,0%,"1,125.32",0.0169,407.87,0.0061,1,1
12wyPStxxZeSRVak7L3AqnJ92Zc72HQ9cLJo7Km59ZvJ,SCREWY31d,Sell All,"-$2,303.5-95.7%","-$2,303.5-95.7%",$00,0%,"2,408.03",0.0‚ÇÑ834,104.53,0.0‚ÇÖ362,2,1
12wyPStxxZeSRVak7L3AqnJ92Zc72HQ9cLJo7Km59ZvJ,TORI31d,Sell All,+$5.55+4.7%,+$5.55+4.7%,$00,0%,116.91,0.0036,122.45,0.0038,1,1
12wyPStxxZeSRVak7L3AqnJ92Zc72HQ9cLJo7Km59ZvJ,AVB31d,Sell All,-$405.74-12.8%,-$405.74-12.8%,$00,0%,"3,167.64",0.0499,"2,761.9",0.0435,1,1
12wyPStxxZeSRVak7L3AqnJ92Zc72HQ9cLJo7Km59ZvJ,nub31d,Sell All,-$236.89-16.8%,-$236.89-16.8%,$00,0%,"1,411.3",0.0295,"1,174.41",0.0245,0,3
12wyPStxxZeSRVak7L3AqnJ92Zc72HQ9cLJo7Km59ZvJ,CHILLGUY31d,Sell All,-$994.18-14.1%,-$994.18-14.1%,$00,0%,20.1K,0.3214,"6,052.5",0.276,4,3
12wyPStxxZeSRVak7L3AqnJ92Zc72HQ9cLJo7Km59ZvJ,GIGO31d,$00%,HODL,$00%,$0.005750,100%,0,0,0,0,0,0
12wyPStxxZeSRVak7L3AqnJ92Zc72HQ9cLJo7Km59ZvJ,Flower31d,Sell All,-$166.57-14.2%,-$166.57-14.2%,$00,0%,"1,169.62",0.0301,"1,003.05",0.0258,2,1
12wyPStxxZeSRVak7L3AqnJ92Zc72HQ9cLJo7Km59ZvJ,CATGF32d,Sell All,"-$1,371.64-53.3%","-$1,371.64-53.3%",$00,0%,"2,573.28",0.0061,"1,201.64",0.0028,2,1
12wyPStxxZeSRVak7L3AqnJ92Zc72HQ9cLJo7Km59ZvJ,BATMEW33d,$00%,HODL,$00%,$0.011777,100%,0,0,0,0,0,0
12wyPStxxZeSRVak7L3AqnJ92Zc72HQ9cLJo7Km59ZvJ,YAKUB33d,Sell All,-$747.67-33%,-$747.67-33%,$00,0%,"1,305.66",0.0104,"2,773.22",0.0055,1,3
12wyPStxxZeSRVak7L3AqnJ92Zc72HQ9cLJo7Km59ZvJ,SCHIZO11d,+$804.18+35.6%,+$804.18+35.6%,"$3,063.78488.4K",100%,"$2,259.6$0.0046",0,0,--,--,Share,--
12wyPStxxZeSRVak7L3AqnJ92Zc72HQ9cLJo7Km59ZvJ,LGTB13d,$00%,$00%,"$54,414",100%,$0$0,0,0,--,--,Share,--
12wyPStxxZeSRVak7L3AqnJ92Zc72HQ9cLJo7Km59ZvJ,ME14d,$00%,$00%,"$8,568.222,472.28",100%,$0$0,0,0,--,--,Share,--
12wyPStxxZeSRVak7L3AqnJ92Zc72HQ9cLJo7Km59ZvJ,SOLARIS18d,-$24.41-2.1%,-$143.86-3.9%,"$1,115.83203.3K",39.1%,"$3,692.46$0.007","2,432.77",0.0076,--,--,Share,--
12wyPStxxZeSRVak7L3AqnJ92Zc72HQ9cLJo7Km59ZvJ,LOLA25d,"-$2,624.42-97.9%","+$2,545.96+13.2%","$56.8370,124.17",3.6%,$19.4K$0.0099,21.8K,0.0116,--,--,Share,--
12wyPStxxZeSRVak7L3AqnJ92Zc72HQ9cLJo7Km59ZvJ,UBC28d,$00%,$00%,$21.97999,100%,$0$0,0,0,--,--,Share,--
12wyPStxxZeSRVak7L3AqnJ92Zc72HQ9cLJo7Km59ZvJ,Fuck Mark29d,-$236.94-95.2%,-$236.94-95.2%,$11.851.4M,100%,$248.79$0.0001,0,0,--,--,Share,--
12wyPStxxZeSRVak7L3AqnJ92Zc72HQ9cLJo7Km59ZvJ,Eva29d,-$271.33-97.6%,-$271.33-97.6%,$6.66372.5K,100%,$277.99$0.0007,0,0,--,--,Share,--
12wyPStxxZeSRVak7L3AqnJ92Zc72HQ9cLJo7Km59ZvJ,AVA30d,"-$1,003.09-80.1%","-$1,003.09-80.1%","$249.4913,733.94",100%,"$1,252.58$0.0912",0,0,--,--,Share,--
12wyPStxxZeSRVak7L3AqnJ92Zc72HQ9cLJo7Km59ZvJ,FLOPCOIN34d,-$16.79-71%,-$16.79-71%,$6.871M,100%,$23.66$0.0‚ÇÑ2328,0,0,--,--,Share,--
12wyPStxxZeSRVak7L3AqnJ92Zc72HQ9cLJo7Km59ZvJ,ELIZA35d,$00%,$00%,$18.47999,100%,$0$0,0,0,--,--,Share,--
12wyPStxxZeSRVak7L3AqnJ92Zc72HQ9cLJo7Km59ZvJ,RIF36d,$00%,$00%,"$134.852,997",100%,$0$0,0,0,--,--,Share,--
12wyPStxxZeSRVak7L3AqnJ92Zc72HQ9cLJo7Km59ZvJ,miharu74d,-$258.34-90.4%,-$258.34-90.4%,"$27.3319,317.75",100%,$285.67$0.0147,0,0,--,--,Share,--
